카드명,종족,등급,종류,백로그번호,스킬2(효과) 설명,속성(병종),공격 준비 에너지,스킬2 유형,스킬3(효과) 설명,공격력(유닛),스킬1(효과) 에너지,기본 공격 유형,스킬(효과) 특성 설명,패시브3,패시브 특성 설명,스킬1 유형,패시브2,패시브 특성,패시브1,스킬1(효과) 설명,스킬2(효과) 에너지,스킬3 유형,스킬3(효과) 에너지,체력(유닛)
넘쳐흐르는 사기,언데드,언커먼,서포트,2,,,,,,,사용하지 않음,,,,,,,,,"언데드 종족의 에너지를 덱에서 찾아 최대 2개 유닛에게 수급합니다.
(필요하다면 수급하지 않고 조정 할 수 있습니다)",,,,
불타오르는 분노,휴먼,언커먼,서포트,5,,,,,,,사용하지 않음,,,,,,,,,덱에서 에너지 카드를 1~2개 수급 합니다.,,,,
빡침의 조련사,휴먼,일반,유닛,6,,용병,1,,,5,,직접 물리,,,도발 - 상대방은 이 유닛을 우선 공격해야 합니다.,,,도발,,,,,,10
자연의 충만함,트랜트,언커먼,서포트,7,,,,,,,사용하지 않음,,,,,에너지 수급,,,,"트랜트 종족의 에너지를 최대 2개 수급합니다.
(필요하다면 수급하지 않고 조정 할 수 있습니다)",,,,
죽음의 낫,언데드,전설,아이템,8,,,,,,,2,,,,,에너지 소모시,,,,"지정한 신화 미만의 모든 유닛을 즉사시킬 수 있습니다. (언데드 유닛의 경우 즉사가 면역됩니다.)
상대 유닛이 즉사가 면역되는 경우 지정한 상대 유닛에게 데미지 5를 원하는대로 나눠서 줄 수 있습니다.",,,,
에너지 번,언데드,영웅,아이템,9,,,,,,,사용하지 않음,,,,,,,,,"상대방 유닛에 붙어 있는 에너지를 2개 선택하여 제거 할 수 있습니다.
면역 특성을 가진 유닛에게 사용 시 데미지 10으로 전환됩니다.",,,,
자연의 분노,트랜트,전설,서포트,10,,,,,,,사용하지 않음,,,,,유닛 소환,,,,"가시돋친 나무 2마리 토큰( HP: 5 공격력: 15)이 소환됩니다.
소환된 유닛은 즉시 ‘공격 준비 상태’ 에 돌입합니다. 바로 공격 가능합니다.",,,,
가시돋친 나무꾼,트랜트,일반,유닛,11,,일반,1,,,10,,직접 물리,,,,,,,,,,,,5
영웅의 일격,휴먼,영웅,아이템,13,,,,,,,사용하지 않음,,,,,간접 물리,,,,"상대 유닛 하나에 HP 간접 물리 피해 25 을 입힙니다.
유닛의 HP 를 초과한 피해는 상대 본체에 입힙니다.",,,,
전투 전차,휴먼,일반,도구,14,,기사단,,,,,1,,,,,"에너지 소모시, 직접 물리",,,,"기마 전차를 장착한 기사단 유닛이 기본 공격으로 상대 유닛에 피해를 가하면, 
대상 양옆 유닛에 5의 간접 물리 피해를 추가로 줍니다.",,,,
심판의 철퇴,휴먼,영웅,도구,15,,,,,,,2,,,,,에너지 소모시,,,,필드 위 기사단 유닛 하나에 공격력 10 을 부여합니다. ,,,,
고대 전술서,휴먼,영웅,서포트,16,,,,,,,2,,,,,에너지 소모시,,,,이 카드를 사용하면 덱 맨 위에서 순서대로 1~3장을 뽑을 수 있습니다.,,,,
해골 군주 레오닉,언데드,전설,유닛,17,,,1,,,5,1,간접 마법,,,,에너지 소모시,파괴된 유닛은 로스트 존으로 이동합니다.,,공격을 받을 시 피해반사 1 을 합니다.,"매턴 특성을 사용하여 상대의 핸드를 파괴합니다.
상대편 핸드가 무엇인지 알 수 없는 상태에서 지정하여 파괴합니다.",,,,30
돌진하는 검은 늑대,트랜트,언커먼,유닛,18,,,1,,,15,,직접 물리,,,돌진 - 소환한 턴에 바로 공격이 가능합니다.,,,돌진,소환 시 자연 에너지1 을 갖고 있습니다.,,,,,5
마검의 지배자 네더 블레이드,언데드,신화,유닛,19,,,4,,,20,,간접 마법,,,흡혈 - 피해를 입히면 체력이 증가합니다. 최대 체력에 영향을 받지 않습니다,,,흡혈,"매턴 광역기 및 단일기를 선택하여 공격 할 수 있습니다.
단일기: 단일공격 4, 흡혈 (피해를 입힌 만큼 체력이 증가합니다. 최대 체력에 영향을 받지 않습니다.)
광역기: 적 필드 있는 모든 유닛에게 데미지 2 를 입힙니다. 자신의 체력 2 를 소모하고, (본 카드가 사망하지 않는다면) 피해를 입힌 유닛의 수 만큼 체력이 증가합니다.",,,,,40
망자의 늪,언데드,언커먼,서포트,20,,,,,,,사용하지 않음,,,,,,,,,이 카드를 사용하면 덱 맨 위에서 순서대로 3장을 뽑을 수 있습니다.,,,,
하울링,트랜트,언커먼,서포트,21,,,,,,,사용하지 않음,,,,,유닛 소환,,,,필드에 돌진하는 검은늑대가 존재하면 돌진하는 검은늑대를 소환합니다.,,,,
대자연의 수호자 에토르나,트랜트,신화,유닛,22,,수호자,1,,,30,,직접 물리,,,,,매턴 모든 아군의 10HP를 회복합니다.,,모든 아군의 최대 체력 상한을 10 상승시킵니다.,,,,,30
빛의 기사 에스터로스,휴먼,신화,유닛,23,,기사단,1,,,25,2,직접 물리,,‘족쇄’ - 필드 에너지가 4 이상일 때 소환 가능합니다.,"기사단 부활, 빛의 가호, 필드 에너지 족쇄",에너지 충족시,‘기사단 부활’ - 소환 시 내 묘지에 있던 ‘기사단’ 속성의 유닛을 전부 부활시킵니다. 이후 HP 5 와 공격력 5 를 부여합니다.,이 유닛 사망 전까지,‘빛의 가호’ - 에스터로스가 필드 위에 생존하는 동안 모든 아군 유닛 피해 감소 5 를 적용합니다.,"‘Light of Knights’ - 에스터로스가 아군 필드 위 ‘기사단’의 공격에 빛의 힘을 하사합니다.
                             이번 턴에 ‘기사단’은 그 어떤 형태의 반격도 입지 않습니다.",,,,40
숲의 정수,트랜트,일반,서포트,24,,,,,,,1,,,,,"사용자 설정 검색, 카드 획득",,,,카드덱에서 2 장을 드로우 합니다.,,,,
파멸의 계약,언데드,영웅,아이템,25,,,,,,,사용하지 않음,,,,,,,,,"적 전체에게 광역 데미지를 줍니다. 광역 데미지 15
추가적으로 상대의 덱 가장 위를 태워서 로스트 존으로 이동시킵니다.",,,,
길 잃은 망령,언데드,언커먼,유닛,26,,,1,,,10,,간접 마법,망령 - 상대 도발 특성 무시,,망령 - 상대 도발 특성 무시,,도발 특성을 가지고 있는 유닛의 특성을 무시하고 공격 할 수 있습니다.,이 유닛 사망 전까지,물리 공격을 받지 않습니다.,,,,,15
영혼 수확자 벨른,언데드,영웅,유닛,27,스킬 2 (간접): 필요 에너지 (언데드 3개) - 암흑 폭격 → 데미지 15 (3),마도사,1,"간접 마법, 에너지 소모시",,15,2,간접 마법,,,망령화,"간접 마법, 에너지 소모시",,이 유닛 사망 전까지,영혼 수확자 벨른에게 사망한 유닛은 망령으로 재구성되어 아군 진형에 배치됩니다.,스킬 1 (간접): 필요 에너지 (언데드 2개) - 암흑 구체 → 데미지 10 (2),3,,,20
자연의 축복,트랜트,영웅,서포트,28,모든 몬스터의 공격력을 10 올립니다.,,,지속 버프,,,사용하지 않음,,,,,에너지 수급,,,,필드 위에 존재하는 모든 몬스터의 종족 에너지를 1 개 채워줍니다.,사용하지 않음,,,
빠른 발걸음,트랜트,영웅,서포트,29,,,,,,,2,,,,,에너지 수급,,,,당 턴에 한하여 언커먼 등급 이하의 유닛들은 에너지 소모 없이 공격이 가능합니다.,,,,
레오닉의 부름,언데드,언커먼,아이템,30,,,,,,,사용하지 않음,,,,,,,,,자신의 덱에서 ‘영웅’ 등급 이하의 유닛 2장을 검색해서 손패로 가져옵니다.,,,,
구울,언데드,일반,유닛,31,,,사용하지 않음,,,10,,직접 물리,,,,,,이 유닛 사망 전까지,"공격이 성공하면, 최대 HP 5가 증가합니다.",,,,,10
스켈레톤 워리어,언데드,일반,유닛,32,,,,,,5,,직접 물리,,,,,,이 유닛 사망 전까지,"공격이 성공하면, 최대 HP 5가 증가합니다.",,,,,10
시체 폭발,언데드,일반,아이템,33,,,사용하지 않음,,,,사용하지 않음,,,,,간접 마법,,,,"아군 구울 혹은 스켈레톤을 희생하여 적군 2명에 타격을 입힙니다.
희생되는 유닛의 현재 체력만큼의 피해를 각각 입힙니다.",,,,
흉포한 나무정령,트랜트,일반,유닛,34,,,1,,,10,,직접 물리,,,,,,,,,,,,5
사기 전환,언데드,일반,아이템,35,,,,,,,사용하지 않음,,,,,,,,,"내 필드 위 언커먼 이하 유닛 하나를 지정하여, 체력수치 / 5 의 몫만큼 필드 에너지를 획득합니다.",,,,
죽음의 대지,언데드,일반,서포트,36,,,,,,,사용하지 않음,,,,,,,,,상대 필드 에너지 2를 파괴합니다.,,,,
자연의 복수,트랜트,언커먼,함정,37,,,사용하지 않음,,,,사용하지 않음,,,,,유닛 소환,,,,"아군 하수인이 파괴되면, 핸드에 있는 하수인 1 명을 소환한다.",,,,
노련한 사냥꾼,트랜트,영웅,유닛,38,,,3,,,10,1,간접 물리,,,,지속 버프,,,,아군 공격력 5 를 증가시켜 줍니다.,,,,20
고슴도치,트랜트,언커먼,유닛,39,,,1,,,5,,직접 물리,,항상,가시,,상대 본체 HP 감소 5,이 유닛 사망 전까지,이 유닛을 공격한 상대 대상,,,,,15
흡혈박쥐,트랜트,언커먼,유닛,40,,,1,,,10,,간접 물리,,유닛 공격 완료시,흡혈 - 피해를 입히면 체력이 증가합니다. 최대 체력에 영향을 받지 않습니다,,유닛 HP 회복,이 유닛 사망 전까지,유닛 자신,,,,,15
호수정령,트랜트,영웅,서포트,41,,,1,,,0,1 소모,간접 마법,,유닛 소환시,호수안개,간접 마법,유닛 피해량 5 감소,이 유닛 사망 전까지,자신 필드 유닛 광역 대상,"에너지 1 을 소모하여, 광역간접공격  10 을 입히고, 본 카드는 소멸합니다.",,,,20
불타는 지팡이,언데드,영웅,도구,42,,,,,,,2,,메테오 - 스킬 사용한 다음 턴 시작 시 상대 랜덤 유닛에 피해,,,에너지 소모시,,,,"지정한 아군 유닛에게 지팡이 효과를 부여합니다. (메테오: 스킬을 시전하면 다음 아군 턴에 적군 임의 목표 2 명에게 피해 2 를 각각 입힙니다. 플레이 중인 적군이 1 명일 경우에도 2 를 입힙니다.)
지팡이 효과를 부여 받은 유닛은 횟수와 상관없이 공격할 때마다 메테오를 시전합니다.
스킬을 시전하였다면, 시전 유닛이 사망하여도 다음 아군 턴에 메테오 스킬이 구현됩니다.",,,,
번개술사,언데드,전설,유닛,43,,,,,,5,3,,,,,에너지 소모시,,,,"적군 유닛 1 명에게 마법 피해 6 을 입히고, 본인과 적군 나머지 모든 유닛에게 마법 피해 1 을 입힙니다.",,,,10
해골 병사,언데드,일반,유닛,44,,,1,,,2,,,,,,,,,"체력이 소진되어 0 이하 되면 사망하지만, 1 회 부활 능력을 갖습니다. 부활 시 물리피해 1, 체력 1, 에너지 1, 입니다.
(부활 이전에 갖고 있던 버프, 디버프는 모두 초기화 되어 사라집니다.)",,,,,3
지옥의 문,언데드,신화,아이템,45,,,,,,,사용하지 않음,,,,,,,,,"적군 모든 유닛의 에너지를 1만큼 소멸시킵니다. 
소멸시킨 에너지량 X 10 의 마법 피해를 상대 본체에 가합니다.
이 카드는 1 회 발동 후 소멸합니다.",,,,
소멸자,언데드,전설,유닛,46,,,1,,,25,3,간접 마법,,,,에너지 충족시,,,,"카드가 발동되면 본인 카드는 소멸되며, 현재 플레이 중인 아군 유닛 모두에게 피해 감소 -1 를 부여합니다.",,,,25
전사의 부름,휴먼,언커먼,서포트,47,,,사용하지 않음,,,,사용하지 않음,,,,,,,,,"덱에서 ‘중갑보병’, ‘중갑기병’, ‘중갑방패병’ 중 하나를 선택하여 소환할 수 있습니다.",,,,
황혼 검사 오디시아 ,휴먼,전설,유닛,48,"스킬 2 (에너지 2 소모) : ‘영혼 말살’ - 이 스킬을 사용한 시점에 상대 필드 위에 있는 모든 유닛들은 ‘탈혼’ 상태에 빠져,
오디시아의 사망 전까지 기본 공격 및 스킬 사용이 불가능해집니다.",기사단,1,에너지 소모시,,10,1,간접 마법,,,"영혼 강화, 필드 에너지 족쇄",에너지 소모시,필드 에너지가 3 이상일 때 소환 가능합니다.,,매 턴 종료 시 필드 위에 있는 유닛 하나를 지정하여 에너지 1 을 주입합니니다.,"스킬 1 (에너지 1 소모) : ‘영혼 추출’ - 상대 필드에서 전설 등급 이하 유닛 하나를 지정하여 에너지를 1~2만큼 제거합니다.
제거한 에너지량 만큼 덱에서 카드를 뽑습니다.",2,,,40
축복의 약초,휴먼,일반,도구,49,,,,,,,,,,,,,,,,매턴 축복의 약초를 지닌 유닛이 HP 5 만큼 회복합니다.,,,,
셔큐버스,언데드,전설,유닛,50,,악마,1,,,10,3,간접 물리,,,,에너지 충족시,,,,적 필드 위 모든 유닛의 에너지를 턴 마다 1씩 감소시킵니다.,,,,20
견습병,휴먼,일반,유닛,51,,일반,1,,,5,,직접 물리,,,,,,,,,,,,5
창공 검사 윈드윈,휴먼,전설,유닛,52,‘솟구치는 풍파’ - 상대 필드 위 영웅등급 이하 유닛 하나를 즉사시킵니다.,기사단,1,에너지 충족시,,20,2,간접 물리,,,"창공습격, 창공화","간접 물리, 에너지 충족시","‘창공화’ - 상대 유닛의 단일 지정 형태 스킬에 대한 면역이 있습니다.
즉, 상대 유닛이 윈드윈을 지정해서 스킬을 쓰는 게 불가능합니다.",,‘창공습격’ - 소환사의 턴 종료 시 창공을 가르며 상대 유닛 하나에 랜덤으로 간접 물리 피해 5 를 가합니다.,‘돌풍뇌검’ - 상대 필드 위 두 유닛을 지정하여 간접 물리 피해 15 를 가합니다.,3,,,30
중갑기병,휴먼,언커먼,유닛,53,,기사단,1,,,10,,직접 물리,,,"돌진 - 소환한 턴에 바로 공격이 가능합니다., 현신",,‘돌진’ - 이 유닛은 공격 준비 상태가 된 턴에 바로 액션을 취할 수 있습니다.,,‘현신’ - 유닛 사망 시 ‘숙련된 병사(토큰)’ 가 필드에 소환됩니다.,,,,,5
왕의 뿔피리,휴먼,영웅,아이템,54,,,,,,,1,,,,,에너지 소모시,,,,"필드에 있는 기사단의 HP 5, 공격력 5 를 이번 턴 동안 증가시킵니다.
턴 종료 시 기사단이 사망하지 않았다면 본 카드 사용 전의 상태가 됩니다.",,,,
신궁 레니쉬,휴먼,영웅,유닛,55,,용병,1,,,15,1,간접 물리,,필드 에너지가 2 이상일 때 소환 가능합니다.,"맹독, 즉발, 필드 에너지 족쇄","간접 물리, 에너지 충족시","‘맹독’ - 레니쉬에게 피해를 입은 상대(유닛, 본체)는 2 턴간 상대의 턴이 종료될 때마다 5 의 데미지를 입습니다.","2 턴간, 소환된 턴에만",‘즉발’ - 소환 시 상대 유닛 하나를 지정하여 5의 데미지를 입힙니다.,"‘관통 연사’ - 상대 필드 위 한 유닛을 지정하여 10 의 간접 물리 피해를 입힙니다.
해당 유닛 사망 시 상대 본체에 5 의 간접 물리 피해를 줍니다.",,,,15
전투 불능 노병,휴먼,영웅,유닛,56,,기사단,1,,,10,1,직접 물리,,,"영웅의 가르침, 필드 에너지 족쇄",에너지 충족시,‘족쇄’ - 필드 에너지가 2 이상일 때 소환 가능합니다.,이 유닛 사망 전까지,"‘영웅의 가르침’ - 소환 시 아군 필드 위 ‘견습병’ 유닛들에게 HP 5, 공격력 5 와 ‘도발’ 특성을 부여합니다.",‘최후의 희생’ - 본 유닛이 사망합니다. 유닛이 가진 HP 만큼 상대 유닛 및 본체에 피해를 줍니다.,,,,10
투석병,휴먼,일반,유닛,57,,일반,1,,,5,,간접 물리,,,,,,,,,,,,5
세라핌,천사,신화,유닛,58,,신성,,,,HP: 10 / 공격력: 5,,,,"항상,유닛 소환시",소환 족쇄,,"조건부 소환 가능,상대 본체 HP 감소",소환된 턴에만,상대 본체,,,,,
용병 대장 데드락,휴먼,전설,유닛,59,,,,,,,,,,유닛 소환시,"도발 - 상대방은 이 유닛을 우선 공격해야 합니다., 필드 에너지 족쇄",,,,,,,,,
타락천사 디엘,천사,언커먼,유닛,60,,일반,,,,HP: 10 / 공격력: 5,,,,,,,,,,,,,,
대천사 가브리엘,천사,영웅,유닛,61,상대 필드 유닛 광역 대상,,,에너지 충족시,유닛 HP 피해,HP: 10 / 공격력: 5,,,,,,간접 물리,,,,,,,,
투석기,휴먼,언커먼,도구,62,,,,,,,1,,,,,"간접 물리, 에너지 소모시",,,,"직접 공격을 가하는 유닛의 기본 공격을 간접 공격으로 변환합니다.
필드 에너지 1 을 사용하여 ‘투석병’에게 장착 시 기본 공격이 간접 광역 피해 5 로 변환됩니다. (상대 모든 유닛 및 본체)",,,,
대천사 라파엘,천사,영웅,유닛,63,유닛 자신,,,에너지 충족시,유닛 공격력 증가,HP: 10 / 공격력: 5,,직접 물리,,,,,,,,,,,,
대천사 미카엘,천사,영웅,유닛,64,자신 필드 유닛 광역 대상,,2,에너지 충족시,"유닛 HP 회복,유닛 공격력 증가",HP: 50 / 공격력: 10,2,간접 마법,,"유닛 소환시,소환사의 턴 시작 시",,,"필드 에너지 증가,즉사 면역,유닛 소환",이 유닛 사망 전까지,"자신 필드,유닛 자신",,,,,
천국의 문,천사,영웅,서포트,65,"자신의 무덤,자신의 덱",,,사용시,카드 드로우,,사용하지 않음,,,,,사용자 설정 검색,,,,,,,,
천국의 기사단,천사,영웅,아이템,66,"상대 필드 유닛 광역 대상,상대 본체",,,사용시,"상대 본체 HP 피해,유닛 HP 피해",,3,,,,,간접 물리,,,,,,,,
비상 보급 물자,휴먼,일반,서포트,69,,,사용하지 않음,,,,사용하지 않음,,,,,,,,,덱 맨 위 2장을 뽑고 원하는 1장을 선택 후 나머지 1장은 버립니다.,,,,
중갑보병,휴먼,언커먼,유닛,70,,기사단,1,,,15,,직접 물리,,,기사단의 함성,,,이 유닛 사망 전까지,‘기사단의 함성’ - 소환 시 필드 위 ‘기사단’ 속성 유닛 하나 당 공격력이 5 증가합니다.,,,,,10
중갑방패병,휴먼,언커먼,유닛,71,,기사단,1,,,5,,직접 물리,,,"기사단의 함성, 도발 - 상대방은 이 유닛을 우선 공격해야 합니다.",,‘기사단의 함성’ - 소환 시 필드 위 ‘기사단’ 속성 유닛의 수 만큼 유닛 자신의 최대 HP 가 5 증가합니다.,이 유닛 사망 전까지,‘도발’ - 상대방은 이 유닛을 우선 공격해야 합니다.,,,,,15
성질 더러운 광대,휴먼,언커먼,유닛,72,,용병,1,,,10,2,직접 물리,,,,에너지 충족시,,,,"‘수수께끼’ - 덱에서 랜덤으로 카드 한 장을 뽑습니다. 그 카드를 종류에 상관 없이, 에너지 소모 없이 즉시 소환(발동)합니다.
만약 에너지 카드라면 무덤으로 보내집니다.",,,,10
블레이드 어세신 류,휴먼,영웅,유닛,74,,용병,1,,,20,1,직접 물리,,‘족쇄’ - 필드 에너지가 2 이상일 때 소환 가능합니다.,"맹독, 은신, 필드 에너지 족쇄","간접 물리, 에너지 충족시","‘맹독’ - 류에게 피해를 입은 상대(유닛, 본체)는 2 턴간 상대의 턴이 종료될 때마다 5 의 데미지를 입습니다.","2 턴간, 유닛이 행동을 취하기 전까지","‘은신’ - 최초로 액션을 취하기 이전까지, 단일 공격이나 마법의 대상이 되지 않습니다.","‘쉐도우 블레이드’ - 상대 유닛 하나를 지정하여 15 의 간접 물리 피해를 입힙니다.
해당 유닛 양 옆에 연쇄 공격을 가하여 5 의 간접 물리 피해를 입힙니다.",,,,20
태양 검사 플래믹스,휴먼,영웅,유닛,75,,기사단,1,,,20,,직접 물리,,‘족쇄’ - 필드 에너지가 2 이상일 때 소환 가능합니다.,"꿰뚫는 태양검, 마지막 불꽃, 필드 에너지 족쇄",,‘꿰뚫는 태양검’ - 플래믹스가 가하는 피해는 유닛의 HP 를 초과한 데미지가 상대 본체에 가해지는 ‘관통’형 입니다.,"HP 소진 후 1 턴간, 이 유닛 사망 전까지",‘마지막 불꽃’ - HP 가 0 이 된 이후 1 턴 간 추가 생존합니다. HP 가 0 이 된 이후 공격력이 10 증가합니다.,,,,,10
기사 단장 이실두르,휴먼,전설,유닛,76,,기사단,1,,,25,2,직접 마법,,,"기사 육성, 필드 에너지 족쇄","에너지 충족시, 직접 마법",‘족쇄’ - 필드 에너지가 3 이상일 때 소환 가능합니다.,이 유닛 사망 전까지,"‘기사육성’ - 소환 시 필드 위 언커먼 이하 유닛의 HP 를 10, 공격력을 10 증가시킵니다.",‘오러블레이드’ - 상대 필드 위 모든 유닛 및 상대 본체에 직접 마법 공격으로 10 의 데미지를 입힙니다.,,,,25
전투 태세 돌입,휴먼,일반,서포트,77,,,,,,,사용하지 않음,,,,,일시적 버프,,,,한 턴 동안 사용 가능한 유닛의 에너지를 일시적으로 2 증가 시킨다. 즉 다음 턴부터는 유닛의 에너지는 원래 상태로 돌아온다.,,,,
주천사,천사,전설,유닛,78,,신성,,,,HP: 10 / 공격력: 5,,간접 물리,,소환사의 턴 시작 시,,,카드 로스트 존 이동,이 유닛 사망 전까지,상대의 덱,,,,,
역천사,천사,전설,유닛,79,자신 필드 유닛 광역 대상,신성,,에너지 충족시,유닛 에너지 증가,HP: 10 / 공격력: 5,,간접 물리,,항상,도발 - 상대방은 이 유닛을 우선 공격해야 합니다.,,우선 공격 대상화,이 유닛 사망 전까지,유닛 자신,,,,,
능천사,천사,전설,유닛,80,자신 필드 유닛 광역 대상,신성,,에너지 충족시,유닛 HP 회복,HP: 10 / 공격력: 5,,간접 물리,,소환사의 턴 종료 시,,,유닛 HP 회복,이 유닛 사망 전까지,자신 필드 유닛 광역 대상,,,,,
반신반인 헤라클레스,천사,언커먼,유닛,81,상대 필드 유닛 광역 대상,반신반인,,에너지 충족시,유닛 HP 피해,HP: 10 / 공격력: 5,,직접 물리,,,,직접 물리,,,,,,,,
반신반인 페르세우스,천사,언커먼,유닛,82,상대 필드 유닛 단일 지정,반신반인,,에너지 충족시,,HP: 10 / 공격력: 5,,직접 물리,빙결 - 특정 턴동안 액션을 취하지 못하도록 함,,,,,,,,,,,
반신반인 아킬레우스,천사,언커먼,유닛,83,상대 필드 유닛 광역 대상,반신반인,,에너지 충족시,유닛 HP 피해,HP: 10 / 공격력: 5,,직접 물리,,,,직접 물리,,,,,,,,
견습 천사,천사,일반,유닛,84,,,,,,HP: 5 / 공격력: 0,,,,,,,,,,,,,,
신의 심판,천사,언커먼,서포트,87,"자신 필드,상대 필드",,,사용시,확률 즉사,,사용하지 않음,,,,,,,,,,,,,
신의 가호,천사,언커먼,아이템,88,자신 필드,,,에너지 소모시,유닛 피해량 감소,,2,,,,,지속 버프,,,,,,,,
굶주린 멧돼지,트랜트,일반,유닛,92,,,1,,,10,,직접 물리,,,,,,,,,,,,5
죽음의 에너지,언데드,,에너지,93,,,,,,,사용하지 않음,,,,,,,,,기본 에너지 카드입니다.,,,,
오솔길,트랜트,일반,서포트,94,,,사용하지 않음,,,,사용하지 않음,,,,,조건부 검색,,,,카드덱에서 일반 유닛 2 마리를 선택하여 가지고 온다.,,,,
식어버린 비스킷,휴먼,언커먼,아이템,95,,,,,,,사용하지 않음,,,,,,,,,아군 필드 위 유닛들 및 소환사가 이번 턴 종료 후 즉시 체력을 5 회복합니다. (한 턴 만 적용),,,,
자연 에너지,트랜트,일반,에너지,97,,,,,,,사용하지 않음,,,,,에너지 수급,,,,자신 필드 유닛 단일에게 에너지 1 부여,,,,
소울 에너지,휴먼,,에너지,99,,,,,,,,,,,,,,,,,,,,
성스러운 수호막,천사,언커먼,함정,103,아군을 공격 한 상대 단일 유닛,,,"선택적 발동, 아군 유닛 피격 시",즉사,,사용하지 않음,,,,,,,,,,,,,
심판의 재림,휴먼,신화,아이템,108,"필드에 존재하는 ‘신화’ 등급을 제외한 모든 카드를 파괴합니다.
이번 턴에 핸드에서 소환하는 다음 유닛이 파괴된 카드 장수에 비례하여 HP 5, 공격력 5를 얻습니다. 
이 유닛은 ‘은신’ 특성을 지닙니다.",,사용하지 않음,에너지 소모시,,,2,,,,,에너지 소모시,,,,"내 필드에 존재하고 있는 유닛 하나를 지정합니다. 그 유닛의 공격력을 상대 필드 내 존재하는 모든 유닛의 공격력을 모두 합한 만큼 증가시킵니다.
이후 상대 필드 위 유닛 혹은 카드 한 장을 핸드로 돌려보냅니다.",2,,,
엉켜버린 덩쿨,트랜트,영웅,함정,109,"턴이 종료되면, 적군 모든 유닛에게 피해 10 줍니다.",,,간접 공격,,,사용하지 않음,,,,,간접 마법,,,,"전설 등급 이하의 적군 유닛이 스킬을 사용하여 광역피해를 발생하는 경우, 해당 적군 유닛의 모든 행동을 취소시킵니다.",사용하지 않음,,,
신성 에너지,천사,일반,에너지,110,,,,사용시,유닛 에너지 증가,,사용하지 않음,,,,,에너지 수급,,,,,,,,
메카 에너지,기계,,에너지,111,자신 필드 유닛 단일 지정,,,사용시,유닛 에너지 증가,,사용하지 않음,,,,,,,,,,,,,
폭탄로봇 BB-19,기계,일반,유닛,112,,,1,,,HP: 5 / 공격력: 5,,간접 물리,,유닛 소환시,돌진 - 소환한 턴에 바로 공격이 가능합니다.,,유닛 즉시 공격 허용,소환된 턴에만,유닛 자신,,,,,
재림의 외침,휴먼,영웅,아이템,113,,,,,,,사용하지 않음,,,,,,,,,아군 유닛 중 하나를 선택하여 해당 유닛의 공격력 만큼 상대 본체 HP 에 직접 물리 피해를 줍니다.,,,,
숲의 정기,트랜트,영웅,함정,114,,,,,,,사용하지 않음,,,,,에너지 수급,,,,"아군 턴이 되었을 때, 적군 필드에 에너지 2 유닛이 2 명이 있을 시, 적 유닛 모두가 에너지 1 씩 빼앗기며, 빼앗은 에너지는 아군 에너지 필드로 흡수된다.",,,,
에너지 충전,기계,일반,서포트,116,자신의 덱,,,사용시,카드 드로우,,사용하지 않음,,,,,조건부 검색,,,,,,,,
에너지 발전소,기계,언커먼,유닛,117,"자신 필드,자신 필드 유닛 단일 지정",,사용하지 않음,에너지 충족시,"필드 에너지 증가,유닛 에너지 증가",HP: 10 / 공격력: 0,1,기본 공격 불가능,,,,,,,,,,,,
강화 에너지 코어,기계,,에너지,118,자신 필드 유닛 단일 지정,,,사용시,유닛 에너지 증가,,사용하지 않음,,강화 - 보유한 에너지량만큼 공격력 상승,,,,,,,,,,,
죽음의 안개,트랜트,전설,아이템,119,,,,,,,2 소모,,,,,간접 마법,,,,"적군 2 턴 동안, 적군 필드에 있는 모든 유닛에게 턴마다 피해 10 씩을 줍니다.",,,,
수리드론,기계,일반,유닛,120,,,1,,,HP: 10 / 공격력: 5,,간접 물리,,소환사의 턴 종료 시,자가치유,,유닛 HP 증가,이 유닛 사망 전까지,유닛 자신,,,,,
방어군 사령관 이지스 오브 헤븐즈,천사,영웅,유닛,121,자신 필드 유닛 단일 지정,,2,"사용시, 에너지 충족시",유닛 보호막 생성,,1,,,"항상,매 턴","도발 - 상대방은 이 유닛을 우선 공격해야 합니다., 보호막",일시적 버프,"우선 공격 대상화,유닛 방어막 생성",이 유닛 사망 전까지,"상대 필드 유닛 광역 대상,유닛 자신",,,,,
아기천사,천사,전설,아이템,125,상대 필드 유닛 단일 지정,,,사용시,상대 유닛 덱으로 환수,,1,,,,,,,,,,,,,
성난 까마귀,트랜트,일반,유닛,127,,,1,,,5,,간접 물리,,유닛 소환시,,,"직접 물리 공격 면역,직접 마법 공격 면역",이 유닛 사망 전까지,유닛 자신,,,,,15
불사조,트랜트,신화,유닛,128,,일반,3,,,10,1 소모,간접 마법,,항상,,간접 마법,"(필드 유닛 광역)유닛 피해량 감소 10, (유닛 자신)광역 피해 면역,직접 물리 공격 면역,직접 마법 공격 면역",이 유닛 사망 전까지,"자신 필드 유닛 광역 대상,유닛 자신",에너지 1 소모하여 적 모든 유닛에게 광역간접공격 20 을 줍니다.,,,,40
가시 덩굴,트랜트,일반,도구,129,,,,,,,사용하지 않음,,,,,지속 버프,,,,"피해를 받으면, 공격자에게 피해 10 를 줍니다.(직접, 간접 모두 적용) ",,,,
노련한 두더지,트랜트,일반,유닛,130,,,1,,,10,,직접 물리,,유닛 소환시,은신,,모든 공격 행위 회피,이 유닛 공격 전까지,유닛 자신,,,,,15
군신 레오니다스,휴먼,신화,유닛,133,,불퇴전사,1,,,30,3,간접 마법,,‘족쇄’ - 필드 에너지가 4 이상일 때 소환 가능합니다.,"마지막 불꽃, 불퇴전, 필드 에너지 족쇄","간접 마법, 에너지 충족시",‘마지막 불꽃’ - HP 가 0 이 된 이후 2 턴 간 추가 생존합니다. HP 가 0 이 된 이후 공격력이 20 증가합니다.,이 유닛 사망 전까지,"‘불퇴전’ - 이 유닛이 필드에 존재하는 한, 상대의 모든 단일기(공격, 아이템, 스킬)는 레오니다스가 최우선 대상이 됩니다.",‘군신강림’ - 상대 필드 위 모든 유닛 및 상대 본체에 간접 마법 공격으로 20 의 데미지를 입힙니다.,,,,30
차갑게 불타는 본 드래곤 이그니스 퍼디티오니스,언데드,신화,유닛,134,,,4,,,30,2,간접 마법,"빙결 - 특정 턴동안 액션을 취하지 못하도록 함, 암흑 화염 - 매 턴 화상 데미지 및 치유 불가",,"불타는 원혼 숨결, 빙결 - 특정 턴동안 액션을 취하지 못하도록 함","간접 마법, 에너지 충족시","불타는 원혼 숨결 - 매턴 상대 유닛 전체에 2의 화상 데미지를 줍니다.
메인 캐릭터 또한 화상 데미지를 피할 수 없습니다.
이 특성은 ‘암흑 화염’ 특성을 가집니다.",이 유닛 사망 전까지,매 턴 상대 유닛 1 개체를 지정하여 무조건 빙결시킵니다 (1 턴 지속),빙염 파쇄격 - 대상 캐릭터에게 단일 공격 피해 10 데미지를 줍니다.,,,,30
듬직한 골렘,트랜트,일반,유닛,136,,,사용하지 않음,,,2,,직접 물리,,유닛 소환시,도발 - 상대방은 이 유닛을 우선 공격해야 합니다.,,우선 공격 대상화,이 유닛 사망 전까지,유닛 자신,,,,,25
차갑게 불타는 불꽃,언데드,영웅,아이템,137,,,,,,,사용하지 않음,,"빙결 - 특정 턴동안 액션을 취하지 못하도록 함, 암흑 화염 - 매 턴 화상 데미지 및 치유 불가",,,,,,,지정한 유닛을 1턴 빙결시킵니다. 또한 지정된 유닛은 3턴간 암흑 화염에 의한 2 데미지의 화상 피해를 받습니다.,,,,
숙련된 병사,휴먼,일반,유닛,139,,기사단,1,,,5,,간접 물리,,,,,,,,,,,,5
궤도 폭격기 아포칼립스,기계,신화,유닛,140,,,,에너지 소모시,,HP: 30 / 공격력: 15,4,간접 물리,"예측 - 상대 덱 맨 위에서 2장을 확인 가능, 저격 - 회피와 도발 무효화",소환사의 턴 시작 시,예측 - 상대 덱 맨 위에서 2장을 확인 가능,,"유닛 에너지 증가,상대 덱 검색",이 유닛 사망 전까지,"유닛 자신,상대의 덱",,,,,
끝나가는 전쟁,휴먼,전설,아이템,141,,,,,즉사,,사용하지 않음,,,,,,,,,전설 등급 이하의 에너지가 2 이하인 모든 유닛은 즉사합니다.,,,,
승리의 흐름,휴먼,전설,서포트,143,,,,,,,사용하지 않음,,,,,,,,,덱에서 카드 3장을 드로우합니다. 핸드가 6장 이하인 경우 2장을 추가로 드로우합니다.,,,,
축배를 들어라!,휴먼,일반,서포트,144,,,,,,,사용하지 않음,,,,,,,,,휴먼 종족 유닛 하나를 대상으로 소울 에너지 1 을 부여합니다,,,,
레오다스의 저주,휴먼,전설,함정,145,,,,,,,사용하지 않음,,,,,간접 마법,,,,"상대 유닛이 기본 공격을 가할 경우에 선택적으로 발동합니다.
기본 공격을 가한 유닛의 HP 만큼 상대 모든 유닛 및 상대 본체에 간접 마법 피해를 입힙니다.",,,,
사기 증진,휴먼,언커먼,서포트,146,,,,,,,사용하지 않음,,,,,,,,,필드 에너지를 1 획득합니다.,,,,
보급로 차단,휴먼,언커먼,함정,148,,,,,,,사용하지 않음,,,,,,,,,"상대가 한 턴에 핸드에서 카드를 3장 이상 사용 시 발동됩니다.
상대 필드 위 유닛 하나를 지정해서 상대 덱에 섞어 넣습니다.",,,,
차갑게 불타는 암흑 에너지,언데드,,에너지,151,,,,,,,사용하지 않음,,"빙결 - 특정 턴동안 액션을 취하지 못하도록 함, 암흑 화염 - 매 턴 화상 데미지 및 치유 불가",,,,,,,"차갑게 불타는 암흑 에너지는 유닛에게 1 에너지를 부여합니다.
또한 이 에너지를 가지고 있는 유닛은 ‘빙결’ 특성과 ‘암흑 화염’ 특성을 사용 할 수 있습니다.",,,,
물어 뜯기,트랜트,영웅,아이템,154,,,,,,,1 소모,,,,,직접 물리,,,,단일 적에게 20 데미지를 줍니다.,,,,
생존본능,트랜트,언커먼,도구,155,,,,사용시,,,1,,,,,지속 버프,,,,아군 유닛 1 명의 공격력이 10 증가합니다.,,,,
에너지 점프,기계,,서포트,156,,,,,,HP: 10 / 공격력: 5,,,,,,,,,,,,,,
찬란한 샛별 루시엘,천사,전설,유닛,160,"자신의 덱,자신 필드 유닛 단일 지정",,,에너지 소모시,"카드 드로우,유닛 보호막 생성",HP: ?? / 공격력: 0,1,,,"매 턴,소환사의 턴 시작 시",,,"상대 덱 검색,유닛 소환,유닛 HP 회복,유닛 보호막 생성",이 유닛 사망 전까지,"상대의 덱,자신 필드,자신 필드 유닛 광역 대상",,,,,
발키리,천사,영웅,유닛,161,자신의 덱,,,에너지 소모시,카드 드로우,HP: 20 / 공격력: 10,1,,,소환사의 턴 시작 시,,,유닛 소환,이 유닛 사망 전까지,자신 필드,,,,,
합성 좀비,언데드,언커먼,유닛,162,,,,,,HP: 10 / 공격력: 5,,,,이 유닛이 필드 위에 존재 시,도발 - 상대방은 이 유닛을 우선 공격해야 합니다.,,우선 공격 대상화,이 유닛 사망 전까지,유닛 자신,,,,,
긴급 전령,천사,언커먼,서포트,163,,,,"사용시, 에너지 소모시",,,,,,,,,,,,,,,,
9급 천사,천사,일반,유닛,164,,,,,,HP: 10 / 공격력: 5,,,,,,,,,,,,,,
천군 호령,천사,언커먼,서포트,165,,,,,,HP: 10 / 공격력: 5,,,,,,,,,,,,,,
신성 폭발,천사,언커먼,서포트,166,,,,,,HP: 10 / 공격력: 5,,,,,,,,,,,,,,
천사의 나팔,천사,일반,서포트,167,,,,,,HP: 10 / 공격력: 5,,,,,,,,,,,,,,
교회,천사,,환경,168,,,,,,HP: 10 / 공격력: 5,,,,,,,,,,,,,,
신성력 충전,천사,언커먼,서포트,169,,,,,,HP: 10 / 공격력: 5,,,,,,,,,,,,,,
성경 낭독회,천사,영웅,서포트,170,,,,,,HP: 10 / 공격력: 5,,,,,,,,,,,,,,
천공의 관리자 아리엘라,천사,신화,유닛,171,,,,,,HP: 10 / 공격력: 5,,,,,,,,,,,,,,
빛나는 내일,천사,일반,서포트,172,,,,,,HP: 10 / 공격력: 5,,,,,,,,,,,,,,
사령술사 오블리,언데드,영웅,유닛,173,"강림 주술 (에너지 2 - 언데드, 덱에서 1장 드로우, 구울 생성)",,,에너지 충족시,,HP: 10 / 공격력: 5,1,,,,사령술,에너지 충족시,,이 유닛 사망 전까지,,"시체 폭발 (에너지 1 - 언데드, 2체 선택하여 10 데미지)",2,,,
위치 플레임 크리스탈,언데드,영웅,유닛,174,"흑염탄 (에너지 3 - 언데드, 암흑 화염)지정한 유닛 2 개체에게 3 턴간 5의 데미지를 주고 암흑 화염을 부여합니다.",,,에너지 충족시,,HP: 10 / 공격력: 5,2,,"빙결 - 특정 턴동안 액션을 취하지 못하도록 함, 암흑 화염 - 매 턴 화상 데미지 및 치유 불가",,넘치는 마력,"간접 마법, 에너지 충족시",,턴 종료시까지,매 턴 1회용 에너지 지정 수급,"냉기 충격 (에너지 2 - 언데드, 빙결)지정한 유닛에게 10 데미지를 주고 얼립니다.",3,,,
정신 지배,언데드,영웅,서포트,175,,,,,,,사용하지 않음,,,,,,,,,상대 영웅 등급 이하의 지정 유닛이 1 턴간 ‘정신 지배’ 사용자의 명령을 듣습니다.,,,,
사령술사 오블리 LV.max,언데드,신화,유닛,176,,,,,,HP: 10 / 공격력: 5,3,,공포 - 상대 모든 패시브 해제,원혼 장막 → 매 턴 자신을 보호하는 쉴드 10을 부여합니다.,사령술,"간접 마법, 에너지 충족시",언데드 군단 → 아군 언데드 유닛의 공격력이 5 상승합니다.,이 유닛 사망 전까지,사령술의 정점 → 매 턴 길 잃은 망령이 1 개체 생성됩니다.,"영혼 폭발 (에너지 3, 언데드)
망령 2체를 소비하여 강력한 광역 공격을 가합니다.
광역 공격에 맞은 신화 미만의 모든 유닛은 살아 남았다면 1 턴간 ‘공포’ 상태에 빠집니다.",,,,
이무기,트랜트,영웅,유닛,177,,,3,,,10,1,직접 마법,,항상,융합,직접 물리,조건부 소환 가능,게임 끝까지,유닛 자신,"단일 유닛 HP 10 감소, 특성 무효화, 유닛 공격 제한",,,,50
숲지기,트랜트,언커먼,유닛,178,,,2,,,5,,직접 물리,,유닛 소환시,,,카드 드로우 2 장,소환된 턴에만,자신의 덱,,,,,15
히드라,트랜트,영웅,유닛,179,,,3,,,15,,간접 물리,,"소환사의 턴 종료 시, 항상","융합, 자가치유",,"유닛 HP 10 회복, 조건부 소환 가능","게임 끝까지, 이 유닛 사망 전까지",유닛 자신,,,,,40
아틸러티 워메카,기계,전설,유닛,183,,,,,,HP: 10 / 공격력: 5,,,,,,,,,,,,,,
장갑차 베히모스,기계,전설,유닛,184,,,,,,HP: 10 / 공격력: 5,,,,,,,,,,,,,,
핵 융합 코어,기계,,에너지,185,,,,,,HP: 10 / 공격력: 5,,,,,,,,,,,,,,
대 전자전 레이더 파괴,기계,영웅,서포트,186,,,,,,HP: 10 / 공격력: 5,,,,,,,,,,,,,,
이머젼트 센티넬,기계,영웅,유닛,187,,,,,,HP: 10 / 공격력: 5,,,,,,,,,,,,,,
최고 효율 생산,기계,영웅,서포트,188,,,,,,HP: 10 / 공격력: 5,,,,,,,,,,,,,,
발칸 ETCB-II,기계,언커먼,유닛,189,,,,,,HP: 10 / 공격력: 5,,,,,,,,,,,,,,
생산 라인 가동,기계,영웅,서포트,190,,,,,,HP: 10 / 공격력: 5,,,,,,,,,,,,,,
도발용 휴머노이드,기계,언커먼,유닛,191,,,,,,HP: 10 / 공격력: 5,,,,,,,,,,,,,,
지뢰밭,기계,언커먼,함정,192,,,,,,HP: 10 / 공격력: 5,,,,,,,,,,,,,,
마인 헌터,기계,일반,유닛,193,,,,,,HP: 10 / 공격력: 5,,,,,,,,,,,,,,
폭탄 CBUE-III,기계,일반,아이템,194,,,,,,HP: 10 / 공격력: 5,,,,,,,,,,,,,,
제로 웨이스트,기계,일반,서포트,195,,,,,,HP: 10 / 공격력: 5,,,,,,,,,,,,,,
정찰 드론,기계,일반,유닛,198,,,,,,HP: 10 / 공격력: 5,,,,,,,,,,,,,,
공장,기계,,환경,199,,,,,,HP: 10 / 공격력: 5,,,,,,,,,,,,,,
공중 항공모함 스트라토스 마제스티,기계,신화,유닛,200,,,,,,HP: 10 / 공격력: 5,,,,,,,,,,,,,,
스텔스 전투기 오리온,기계,전설,유닛,201,,,,,,HP: 10 / 공격력: 5,,,,,,,,,,,,,,
전술 폭격기 엑소리온,기계,전설,유닛,202,,,,,,HP: 10 / 공격력: 5,,,,,,,,,,,,,,
메탈 서치,기계,언커먼,서포트,126,자신의 덱,,,사용시,카드 드로우,,사용하지 않음,,,,,조건부 검색,,,,,,,,
